<?xml version="1.0" encoding="UTF-8"?>
<config xmlns:zf="http://framework.zend.com/xml/zend-config-xml/1.0/">
    <global>
        <appnamespace>Application</appnamespace>

        <autoloaderNamespaces>
            <myapp>Myapp</myapp>
        </autoloaderNamespaces>

        <bootstrap>
            <path><zf:const zf:name="APPLICATION_PATH" />/Bootstrap.php</path>
            <class>Bootstrap</class>
        </bootstrap>

        <includePaths>
            <library><zf:const zf:name="APPLICATION_PATH" />/../library</library>
        </includePaths>

        <phpSettings>
            <date>
                <timezone>America/New_York</timezone>
            </date>
        </phpSettings>

        <pluginPaths>
            <Myapp_Application_Resource>Myapp/Application/Resource</Myapp_Application_Resource>
        </pluginPaths>

        <resources>
            <frontController>
                <defaultAction>index</defaultAction>
                <defaultControllerName>index</defaultControllerName>
                <defaultModule>default</defaultModule>
                <controllerDirectory><zf:const zf:name="APPLICATION_PATH" />/controllers</controllerDirectory>
                <moduleDirectory><zf:const zf:name="APPLICATION_PATH" />/modules</moduleDirectory>
            </frontController>

            <layout>
                <layoutPath><zf:const zf:name="APPLICATION_PATH" />/layouts/scripts/</layoutPath>
            </layout>

            <locale>
                <default>en</default>
            </locale>
        </resources>
    </global>

    <production zf:extends="global">
        <phpSettings>
            <display_startup_errors>0</display_startup_errors>
            <display_errors>0</display_errors>
        </phpSettings>

        <resources>
            <modules>
                <placeholder />
            </modules>

            <view>
                <basePath><zf:const zf:name="APPLICATION_PATH" />/views</basePath>
                <helperPath>
                    <Myapp_View_Helper>Myapp/View/Helper</Myapp_View_Helper>
                </helperPath>
            </view>
        </resources>
    </production>

    <staging zf:extends="production">
        <phpSettings>
            <display_startup_errors>1</display_startup_errors>
            <display_errors>1</display_errors>
        </phpSettings>
    </staging>

    <development zf:extends="production">
        <phpSettings>
            <display_startup_errors>1</display_startup_errors>
            <display_errors>1</display_errors>
        </phpSettings>

        <resources>
            <frontController>
                <disableOutputBuffering>1</disableOutputBuffering>
                <params>
                    <displayExceptions>1</displayExceptions>
                </params>
            </frontController>
        </resources>
    </development>
</config>

